305,1,premium,maddison.howell
306,1,normal,torphy.jason
307,1,normal,tfritsch
308,0,premium,fredrick.hudson
309,1,premium,constance.schimmel
310,1,normal,maryam56
311,0,premium,destany.bradtke
312,1,normal,gottlieb.dillan
313,0,premium,jamaal.pollich
314,1,premium,kassulke.vilma
315,1,premium,daphne.harber
316,0,normal,joanie52
317,0,premium,molly63
318,1,normal,delmer90
319,0,normal,dayana.hammes
320,0,premium,trystan05
321,0,normal,neva.schroeder
322,0,premium,klind
323,1,normal,lfarrell
324,0,premium,belle.nitzsche
325,0,normal,eriberto12
326,0,normal,ayana19
327,1,normal,ymonahan
328,1,normal,yasmeen24
329,0,normal,juvenal18
330,0,premium,anne.russel
331,1,premium,jamison83
332,0,normal,ollie.kautzer
333,0,normal,alf46
334,0,normal,isaias11
335,0,premium,jaime.schamberger
336,1,normal,carissa15
337,1,premium,arielle.friesen
338,1,normal,blick.chasity
339,0,premium,rogahn.wanda
340,1,normal,gulgowski.jayne
341,0,premium,modesta27
342,0,normal,carter.amari
343,0,premium,nathanial53
344,1,premium,mrolfson
345,0,normal,reichel.raymond
346,1,premium,pfeffer.daron
347,1,premium,lturcotte
348,0,normal,qroberts
349,0,premium,destin47
350,0,premium,sadie.weimann
351,0,normal,darwin.lang
352,0,normal,zackery17
353,1,normal,nolan86
354,0,premium,qlangosh
355,0,normal,ocie31
356,0,normal,lindgren.mckayla
357,0,premium,bwaelchi
358,1,premium,maddison61
359,1,normal,cummerata.kiley
360,0,normal,lorine84
361,1,normal,watsica.luna
362,1,premium,jovany83
363,0,normal,taylor.prohaska
364,1,premium,amccullough
365,1,normal,ritchie.eloise
366,1,premium,ali.sawayn
367,1,premium,hauck.bianka
368,1,normal,raynor.thelma
369,1,normal,schmitt.delilah
370,1,normal,vbraun
371,0,normal,shad.langworth
372,1,normal,zieme.lazaro
373,1,premium,ugulgowski
374,1,premium,rocky.zboncak
375,1,normal,wilmer.renner
376,0,normal,reese.haley
377,1,premium,qgoodwin
378,0,premium,runolfsdottir.torrance
379,0,normal,voconnell
380,0,premium,magdalena66
381,1,premium,alakin
382,1,normal,matilde95
383,1,normal,desmond95
384,0,premium,dietrich.verlie
385,0,normal,roberts.geovanni
386,1,premium,chadd12
387,0,premium,donnelly.dee
388,1,normal,yschneider
389,1,premium,shanny72
390,0,premium,clint54
391,1,normal,edgardo00
392,0,normal,billie.littel
393,0,normal,buckridge.braxton
394,1,normal,casper.farrell
395,1,normal,beahan.haleigh
396,0,normal,meagan.wilkinson
397,1,normal,margot.lueilwitz
398,0,premium,kylie.gutmann
399,1,premium,lucas89
400,0,premium,pfeest
401,1,premium,goodwin.blair
402,1,premium,smitham.kaden
403,0,normal,fisher.reginald
404,1,normal,crawford33
405,0,normal,matej
